{
	"0" : {"Day" : 1,
		"Suggestion" : 0,
		"Choices" : [0,1]
		},
		
	"1" :	{"Day" : 2, 
		"Suggestion" : 1,
		"Choices" : [2]
		},
		
	"2" :	{"Day" : 3,
		"Suggestion" : 2,
		"Choices" : [0, 1, 3]
		},
		
	"3" :	{"Day" : 6,
		"Suggestion" : 3,
		"Choices" : [0, 1]
		},
		
	"4" :	{"Day" : 7,
		"Suggestion" : 4,
		"Choices" : [4, 1]
		},
		
	"5" :	{"Day" : 8,
		"Suggestion" : 5,
		"Choices" : [5, 1]
		},
		
	"6" :	{"Day" : 10,
		"Suggestion" : 6,
		"Choices" : [0, 1]
		},
		
	"7" :	{"Day" : 22,
		"Suggestion" : 7,
		"Choices" : [6, 1]
		},
		
	"8" :	{"Day" : 23,
		"Suggestion" : 8,
		"Choices" : [5, 1]
		},
		
	"9" :	{"Day" : 31,
		"Suggestion" : 9,
		"Choices" : [9]
		},
		
	"10":	{"Day" : 31,
		"Suggestion" : 10,
		"Choices" : [8]
		},
		
	"11" :	{"Day" : 32,
		"Suggestion" : 0,
		"Choices" : [0]
		}
}