{
	"0" : { "Choix" : "Payer loyer directement", "Budget" : -900},
	"1" : { "Choix" : "Remettre à plus tard", "Budget" : 0},
	"2" : { "Choix" : "Courses hebdomadaires de base", "Budget" : -90},
	"3" : { "Choix" : "Négocier sept jours de délais", "Budget" : 0},
	"4" : { "Choix" : "Payer factures directement", "Budget" : -100},
	"5" : { "Choix" : "Payer directement le montant plus les intérêts", "Budget" : -990},
	"6" : { "Choix" : "Payer directement", "Budget" : -107.50},
	"7" : { "Choix" : "Payer directement le loyer avec les intérêts de la société de recouvrement", "Budget" : -990},
	"8" : { "Choix" : "Percevoir salaire", "Budget" : 1330.74},
	"9" : { "Choix" : "Visite des Huissiers de Justice", "Budget" : 0}
}