{
	"0" : "Payer le loyer du mois",
	"1" : "Course alimentaire de la semaine pour le ménage",
	"2" : "Premier rappel du propriétaire : Payer le loyer du mois",
	"3" : "Second rappel du propriétaire : Payer le loyer du mois ",
	"4" : "Premier Rappel : Facture d’eau gaz et électricité",
	"5" : "RAPPEL 3: Lettre de la société de recouvrement",
	"6" : "Le délais prend fin : Payer le loyer du mois",
	"7" : "Second Rappel : Facture d’eau gaz et électricité",
	"8" : "Dernier rappel : Lettre de la société de recouvrement - Payer le loyer du mois",
	"9" : "VISITE DES HUISSIERS DE JUSTICE",
	"10" : "Revenus du mois"
}